{"actor": 1.0, "comedian": 0.7434272442082726, "musician": 0.6352460898674792, "writer": 0.5953242088886033, "producer": 0.5585181942643042, "starred": 0.5493249923384222, "films": 0.4829021655856043, "role": 0.455519279754897, "Emmy": 0.38468261175282176, "Glover": 0.35908098909327724, "Edwards": 0.3571634716627695, "born": 0.3311148678832267, "TV": 0.31055736947367124, "music": 0.30073302389938866}