{"actor": 1.0, "comedian": 0.7434272442082726, "musician": 0.6352460898674792, "starring": 0.6057627979796328, "writer": 0.5953242088886033, "performer": 0.5806474434361542, "film": 0.573614133018563, "artist": 0.5692204219223942, "producer": 0.5585181942643042, "starred": 0.5493249923384222, "screenplay": 0.5398825793298241, "comedy": 0.5268508896192774, "character": 0.5237496854850611, "portrayed": 0.5234975032216231, "portrayal": 0.5083124018152976, "roles": 0.45777246562720997, "cast": 0.4572676953899078, "role": 0.455519279754897, "creator": 0.4517808157518271, "Rihanna": 0.4393967377735732, "philanthropic": 0.41779241804433576, "musical": 0.40955888614846025, "Comedy": 0.39405575970950185, "acclaimed": 0.38846243183404505, "Emmy": 0.38468261175282176, "acting": 0.3772330499866283, "Glover": 0.35908098909327724, "Edwards": 0.3571634716627695, "talent": 0.3461798316428595, "played": 0.3375577993015938, "talented": 0.3344156055002711, "born": 0.3311148678832267, "artistic": 0.3188078299739991, "career": 0.312542466770663, "TV": 0.31055736947367124, "Tisch": 0.3072353244852721, "Television": 0.30720949262481234, "acclaim": 0.3035274792784362, "music": 0.30073302389938866}