token	similarity
writer	0.5953242088886033
comedy	0.5268508896192774
films	0.4829021655856043
television	0.462449117851473
creator	0.4517808157518271
Comedy	0.39405575970950185
Glover	0.35908098909327724
directors	0.3113545862635665
Television	0.30720949262481234
